DELETE FROM person;
DELETE FROM course;
DELETE FROM section;
DELETE FROM skill;
DELETE FROM company;
DELETE FROM job;
DELETE FROM position;
DELETE FROM has_skill;
DELETE FROM takes;
DELETE FROM prereq;
DELETE FROM teaches;
DELETE FROM req_by_job;
DELETE FROM requires;
DELETE FROM works;
DELETE FROM gics;
DELETE FROM sub_industry;
DELETE FROM hires;

INSERT INTO person VALUES ('101', 'John','Myers', '70193', 'jmyers@live.com', 'male', '5049856412');
INSERT INTO person VALUES ('102', 'Hellen','Wiena', '71255', 'hewllen@hotmail.com', 'female', '9847291243');
INSERT INTO person VALUES ('103', 'Josh','Black', '23512', 'blackthejosh@gmail.com', 'male', '5047376243');
INSERT INTO person VALUES ('104', 'Sierra','Willson', '71193', 'sirra@live.com', 'female', '504561923');
INSERT INTO person VALUES ('105', 'Matt','Dom', '70163', 'matt@gmail.com', 'male', '5049825617');
INSERT INTO person VALUES ('106', 'Frak','Johnson', '70293', 'frenkjohn@gmail.com', 'female', '504724343');
INSERT INTO person VALUES ('107', 'Mia','Myers', '70223', 'miamyers@live.com', 'male', '21272111');
INSERT INTO person VALUES ('108', 'Mark','Tomson', '71143', 'tomson1982@live.com', 'male', '2127293343');
INSERT INTO person VALUES ('109', 'Flash','Begin', '72333', 'begin2301@hotmil.com', 'male', '9857291243');
INSERT INTO person VALUES ('110', 'Dwain','North', '70263', 'northdw@lcs.com', 'male', '504749232');
INSERT INTO person VALUES ('111', 'Dean','Malkowich', '75793', ' malkowitch@bren.com', 'male', '504729143');
INSERT INTO person VALUES ('112', 'Sara','Paulosn', '70393', 'sppaulson@hotmail.com', 'female', '2124732111');
INSERT INTO person VALUES ('113', 'Peter','Merch', '72993', 'petermer@live.com', 'male', '5047291243');
INSERT INTO person VALUES ('114', 'John','Johnson', '71093', 'jj5619@live.com', 'male', '237729654');
INSERT INTO person VALUES ('115', 'Frank','Abrev', '82933', 'frankab33@gmail.com', 'male', '5047291243');
INSERT INTO person VALUES ('116', 'Joan','Sett', '14193', 'settjaaaon@live.com', 'male', '9857291765');
INSERT INTO person VALUES ('117', 'Mike','Willson', '23193', 'wilosnm@gmail.com', 'male', '5047259478');
INSERT INTO person VALUES ('118', 'Seth','Logan', '32193', 'loganseth@hotmail.com', 'male', '322726565');
INSERT INTO person VALUES ('119', 'Robert','Portales', '40593', 'robbport@ggd.com', 'male', '50472974892');
INSERT INTO person VALUES ('120', 'Peter','Bosel', '40193', 'peterboss@rta.com', 'male', '21247291243');
INSERT INTO person VALUES ('121', 'Sandra','Wien', '55193', 'sandraawien@serts.com', 'female', '5047255643');
INSERT INTO person VALUES ('122', 'Mia','Dorth', '62183', 'miami23@live.com', 'female', '34372986734');
INSERT INTO person VALUES ('123', 'Judi','Fren', '60162', 'jjff454@live.com', 'female', '5047291444');
INSERT INTO person VALUES ('124', 'Frank','Seth', '71193', 'frank_seth@gmail.com', 'male', '343229775');
INSERT INTO person VALUES ('125', 'Logan','Peterson', '90193', 'peter243@brent.com', 'male', '985473672');
INSERT INTO person VALUES ('126', 'Paul','Olsen', '70864', 'olsenn93@cox.com', 'male', '5047289920');
INSERT INTO person VALUES ('127', 'Newt','Thommas', '75642', 'reveers@sstp.com', 'male', '504799873');
INSERT INTO person VALUES ('128', 'Tom','Ma', '71243', 'tommma@live.com', 'male', '2127293345');
INSERT INTO person VALUES ('129', 'Sleth','Seng', '70193', 'sseng@gmail.com', 'male', '5047299026');
INSERT INTO person VALUES ('130', 'James','Brown', '82452', 'brownj@gmail.com', 'male', '50472954182');
INSERT INTO person VALUES ('131', 'Celin','Breeta', '82459', 'celinbr@hotmail.com', 'female', '2127288716');
INSERT INTO person VALUES ('132', 'Kate','Cheny', '70118', 'went@fxrt.com', 'male', '985720081');
INSERT INTO person VALUES ('133', 'Jorge','Merlin', '70219', 'jmycvhen@gmail.com', 'male', '9857290001');
INSERT INTO person VALUES ('134', 'Sims','Rogers', '70120', 'simsr@live.com', 'male', '2123721123');
INSERT INTO person VALUES ('135', 'Tara','Tomson', '71990', 'only_me@hotmail.com', 'female', '985727676');


INSERT INTO course VALUES ('21310', 'Data structures', '2000', ' data organization that enables efficient access and modification', 'active', '320');
INSERT INTO course VALUES ('21311', 'Operating Systems', '2000', ' OS layers, understanding Kernel', 'active', '320');
INSERT INTO course VALUES ('21312', 'Database', '4000', ' SQl and relational algebra', 'active', '430');
INSERT INTO course VALUES ('21313', 'Artifical Intelligence', '3000', ' intro to AI ', 'active', '320');
INSERT INTO course VALUES ('21314', 'Java', '3000', 'building advanced applications in Java ', 'expired', '450');
INSERT INTO course VALUES ('21315', 'Python', '2000', 'intro to Python', 'active', '200');
INSERT INTO course VALUES ('21316', 'C++', '4000', ' Advanced level in C++', 'expired', '600');
INSERT INTO course VALUES ('21317', 'Data analyzing', '5000', ' data analysis and cost reduction ', 'active', '430');
INSERT INTO course VALUES ('21318', 'Language structures', '1000', ' different perspectives in programming languages ', 'expired', '400');
INSERT INTO course VALUES ('21319', 'Machine Learning', '5000', ' self learning using space-state planning', 'active', '550');
INSERT INTO course VALUES ('21320', 'Computer vision', '6000', 'object detection and face recognition', 'active', '720');
INSERT INTO course VALUES ('21321', 'Web development', '2000', 'using Rubi on Rails to create web framework', 'expired', '500');
INSERT INTO course VALUES ('21322', 'Application OS', '2000', 'building apps for OS ', 'expired', '550');
INSERT INTO course VALUES ('21323', 'Application Android', '2000', ' building apps for Android', 'active', '300');
INSERT INTO course VALUES ('21324', 'UNIX Shell structure', '3000', 'understanding structure of UNIX shell', 'active', '750');
INSERT INTO course VALUES ('21325', 'Accounting', '2000', ' how to become accounting specialist', 'active', '450');

INSERT INTO section VALUES ('1021', '21311', TO_DATE('2010-05-12', 'YYYY-MM-DD'), '2010', 'UNO', 'classrom', '320');
INSERT INTO section VALUES ('4026', '21313', TO_DATE('2018-10-23', 'YYYY-MM-DD'), '2018','UNO', 'online-sync', '320');
INSERT INTO section VALUES ('1006', '21325', TO_DATE('2019-04-03', 'YYYY-MM-DD'), '2019', 'LSU', 'classrom', '450');
INSERT INTO section VALUES ('4024', '21312', TO_DATE('2011-02-01', 'YYYY-MM-DD'), '2011', 'UNO', 'online-sync', '430');
INSERT INTO section VALUES ('5001', '21314', TO_DATE('2013-03-04', 'YYYY-MM-DD'), '2013', 'ULS', 'online-selfpaced', '450');
INSERT INTO section VALUES ('5006', '21323', TO_DATE('2019-11-09', 'YYYY-MM-DD'), '2019', 'LSU', 'correspondence', '300');
INSERT INTO section VALUES ('5002', '21322', TO_DATE('2007-11-11', 'YYYY-MM-DD'), '2007', 'UNO', 'online-sync', '1200');
INSERT INTO section VALUES ('5003', '21320', TO_DATE('2009-04-22', 'YYYY-MM-DD'), '2009', 'UNO', 'classrom', '600');
INSERT INTO section VALUES ('1042', '21319', TO_DATE('2012-02-22', 'YYYY-MM-DD'), '2012', 'UNO', 'online-selfpaced', '420');
INSERT INTO section VALUES ('1073', '21315', TO_DATE('2014-01-25', 'YYYY-MM-DD'), '2014', 'UNO', 'classrom', '820');
INSERT INTO section VALUES ('1061', '21316', TO_DATE('2015-01-05', 'YYYY-MM-DD'), '2015', 'UNO', 'classrom', '750');
INSERT INTO section VALUES ('1043', '21318', TO_DATE('2018-08-03', 'YYYY-MM-DD'), '2018', 'UNO', 'correspondence', '540');
INSERT INTO section VALUES ('1022', '21321', TO_DATE('2017-07-10', 'YYYY-MM-DD'), '2017', 'UNO', 'online-selfpaced', '200');


INSERT INTO skill VALUES ('1001', 'SQL', 'good knowledge of SQL', 'medium');
INSERT INTO skill VALUES ('1002', 'JavaScript', 'pervious knowldge and work with JavaScript', 'medium');
INSERT INTO skill VALUES ('1003', 'Business Solutions', 'how to come to Solutions', 'advanced');
INSERT INTO skill VALUES ('1004', 'UNIX Shell', 'pervious experience with UNIX shell', 'beginner');
INSERT INTO skill VALUES ('1005', 'IBM WEBSPHERE', 'advanced knowldge required', 'advanced');
INSERT INTO skill VALUES ('1006', 'Technical Support', 'no needed pervious experience', 'beginner');
INSERT INTO skill VALUES ('1007', 'Software Engineering', 'somewhat experience in Software Engineering', 'medium');
INSERT INTO skill VALUES ('1008', 'Web Development', 'Rubi on rails, PHP', 'advanced');
INSERT INTO skill VALUES ('1009', 'Data Analysis', 'analyzing data ', 'beginner');
INSERT INTO skill VALUES ('1010', 'Microsoft Powerpoint', 'powerpoint knowledge and experience', 'advanced');
INSERT INTO skill VALUES ('1011', 'Enterprise Resource Planning (ERP)', 'ERP', 'medium');
INSERT INTO skill VALUES ('1012', 'Accounting', 'accounting skills ', 'beginner');
INSERT INTO skill VALUES ('1013', 'Object-Oriented Analysis and Design (OOAD)', 'analysis for OOAD', 'medium');
INSERT INTO skill VALUES ('1014', 'Python', 'advanced understanding and skills in Python', 'advanced');
INSERT INTO skill VALUES ('1015', 'Hardware and Software Installation', 'on site installations', 'medium');
INSERT INTO skill VALUES ('1016', 'Repair', 'degree in engeneering required', 'advanced');
INSERT INTO skill VALUES ('1017', 'System Administration', 'good knowldge of SQL', 'advanced');
INSERT INTO skill VALUES ('1018', 'C++', 'no pervious experience with C++ needed, just understanding ', 'beginner');
INSERT INTO skill VALUES ('1019', 'Business Administration', 'paperwork', 'medium');
INSERT INTO skill VALUES ('1020', 'Network Administration', 'keeping track for net web development', 'advanced');
INSERT INTO skill VALUES ('1021', 'Cisco', 'at least one certificate in Cisco', 'beginner');
INSERT INTO skill VALUES ('1022', 'Network Security', 'good knowledge and experience in security', 'medium');
INSERT INTO skill VALUES ('1023', 'Financial Analysis', 'reducing costs', 'medium');
INSERT INTO skill VALUES ('1024', 'Application Support', 'support in app development', 'advanced');
INSERT INTO skill VALUES ('1025', 'User Interface (UI) Design', 'somewhat experience in UI design', 'beginner');
INSERT INTO skill VALUES ('1026', 'Negotiation Skills', 'good negotiation skills', 'advanced');
INSERT INTO skill VALUES ('1027', 'Data Mining', 'experience in data mining/targeting', 'medium');
INSERT INTO skill VALUES ('1028', 'Technical Training', 'good communnication skills', 'beginner');



INSERT INTO gics VALUES ('15', 'Materials', 'sector', null, null);
INSERT INTO gics VALUES ('1510', 'Materials', 'industry group', null, '15'); 
INSERT INTO gics VALUES ('151010', 'Chemicals', 'industry', null, '1510');
INSERT INTO gics VALUES ('15101010', 'Commodity Chemicals', 'subindustry', 'Companies that primarily produce industrial chemicals and basic chemicals. ', '151010');
INSERT INTO gics VALUES ('25', 'Consumer Discretionary', 'sector', null, null);
INSERT INTO gics VALUES ('2520', 'Consumer Durables and Apparel', 'industry group', null, '25'); 
INSERT INTO gics VALUES ('252010', 'Household Durables and Apparel', 'industry', null, '2520');
INSERT INTO gics VALUES ('25201010', 'Consumer Electronics', 'subindustry', 'Manufacturers of consumer electronics products including TVs, home audio equipment, game consoles, digital cameras, and related products. Excludes personal home computer manufacturers classified in the Technology Hardware, Storage and Peripherals Sub-Industry, and electric household appliances classified in the Household Appliances Sub-Industry. ', '252010');
INSERT INTO gics VALUES ('2530', 'Consumer Services', 'industry group', null, '25');
INSERT INTO gics VALUES ('253010', 'Hotels, Restaurants and Leisure', 'industry', null, '2530');
INSERT INTO gics VALUES ('25301010', 'Diversified Consumer Services', 'subindustry', null, '253010');
INSERT INTO gics VALUES ('30', 'Consumer Staples', 'sector', null, null);
INSERT INTO gics VALUES ('3010', 'Food and Staples Retailing', 'industry group', null, '30');
INSERT INTO gics VALUES ('301010', 'Food and Staples Retailing', 'industry', null, '3010');
INSERT INTO gics VALUES ('30101020', 'Food Distributors', 'subindustry', 'Distributors of food products to other companies and not directly to the consumer.', '301010');
INSERT INTO gics VALUES ('35', 'Health Care', 'sector', null, null);
INSERT INTO gics VALUES ('3510', 'Health Care Equipment ', 'industry group', null, '35');
INSERT INTO gics VALUES ('351020', 'Health Care Providers ', 'industry', null, '3510');
INSERT INTO gics VALUES ('35102020', 'Health Care Facilities', 'subindustry', 'Owners and operators of healthcare facilities, including hospitals, nursing homes, rehabilitation centers and animal hosiptals.', '351020');
INSERT INTO gics VALUES ('40', 'Financials', 'sector', null, null);
INSERT INTO gics VALUES ('4010', 'Banks', 'industry group', null, '40');
INSERT INTO gics VALUES ('401010', 'Banks', 'industry', null, '4010');
INSERT INTO gics VALUES ('40101015', 'Regional Banks', 'subindustry', 'Commercial banks whose businesses are derived primarily from conventional banking operations and have significant business activity in retail banking and small and medium corporate lending. Regional banks tend to operate in limited geographic regions. Excludes companies classified in the Diversified Banks and Thrifts and Mortgage Banks sub-industries. Also excludes investment banks classified in the Investment Banking and Brokerage Sub-Industry.', '401010');
INSERT INTO gics VALUES ('4020', 'Diversified Financials', 'industry group', null, '40');
INSERT INTO gics VALUES ('402010', 'Diversified Financial Services', 'industry', null, '4020');
INSERT INTO gics VALUES ('40201030', 'Multi-Sector Holdings', 'subindustry', 'A company with significantly diversified holdings across three or more sectors, none of which contributes a majority of profit and/or sales. ', '402010');
INSERT INTO gics VALUES ('45', 'Information Technology', 'sector', null, null);
INSERT INTO gics VALUES ('4510', 'Software and Services', 'industry group', null, '45');
INSERT INTO gics VALUES ('451020', 'IT Services', 'industry', null, '4510');
INSERT INTO gics VALUES ('45102010', 'IT Consulting and Other Services', 'subindustry', 'Providers of information technology and systems integration services not classified in the Data Processing and Outsourced Services or Internet Software and Services Sub-Industries.  Includes information technology consulting and information management services.', '451020');
INSERT INTO gics VALUES ('451030', 'Software', 'industry', null, '4510');
INSERT INTO gics VALUES ('45103010', 'Application Software', 'subindustry', 'Companies engaged in developing and producing software designed for specialized applications for the business or consumer market. Includes enterprise and technical software, as well as cloud-based software. Excludes companies classified in the Interactive Home Entertainment Sub-Industry. Also excludes companies producing systems or database management software classified in the Systems Software Sub-Industry.', '451030');
INSERT INTO gics VALUES ('45103020', 'Systems Software', 'subindustry', 'Companies engaged in developing and producing systems and database management software.', '451030');
INSERT INTO gics VALUES ('50', 'Communication Services', 'sector', null, null);
INSERT INTO gics VALUES ('5010', 'Telecommunication Services', 'industry group', null, '50');
INSERT INTO gics VALUES ('501010', 'Diversified Telecommunication ', 'industry', null, '5010');
INSERT INTO gics VALUES ('50101010', 'Alternative Carriers', 'subindustry', 'Providers of communications and high-density data transmission services primarily through a high bandwidth/fiber-optic cable network.', '501010');
INSERT INTO gics VALUES ('55', 'Utilities', 'sector', null, null);
INSERT INTO gics VALUES ('5510', 'Utilities', 'industry group', null, '55');
INSERT INTO gics VALUES ('551010', 'Electric Utilities', 'industry', null, '5510');
INSERT INTO gics VALUES ('55101010', 'Electric Utilities', 'subindustry', 'Companies that produce or distribute electricity. Includes both nuclear and non-nuclear facilities.', '551010');
INSERT INTO gics VALUES ('60', 'Real Estate', 'sector', null, null);
INSERT INTO gics VALUES ('6010', 'Real Estate', 'industry group', null, '60');
INSERT INTO gics VALUES ('601010', 'Equity Real Estate ', 'industry', null, '6010');
INSERT INTO gics VALUES ('60101010', 'Diversified REITs', 'subindustry', 'A company or Trust with significantly diversified operations across two or more property types.', '601010');


INSERT INTO company VALUES ('113276', '1331 Lowerline' ,'70192', 'www.ibsmt.com', '3010');
INSERT INTO company VALUES ('542617', '2132 4th Ave' , '70123', 'www.sonny.com','4010');
INSERT INTO company VALUES ('827132', '144 22nd Ave' , '70122', 'www.noinc.com','6010');
INSERT INTO company VALUES ('726381', '2321 Newport' , '71982', 'www.nissan.com','4510');
INSERT INTO company VALUES ('827635', '555 Seaway' , '99826', 'www.NewtSanct.com','5510');
INSERT INTO company VALUES ('635217', '3131 Broadway' , '70111', 'www.officess.com','4510');
INSERT INTO company VALUES ('323243', '3232 5th Ave' , '71098', 'www.watch.com','4020');
INSERT INTO company VALUES ('362853', '2321 Carrollton' , '88123', 'www.ibsma.com','3510');
INSERT INTO company VALUES ('892777', '8887 Broadway' , '21123', 'www.nicsecurity.com','3510');
INSERT INTO company VALUES ('187352', '46 Carrollton' , '11133', 'www.visionmp.com','2520');
INSERT INTO company VALUES ('272234', '421 Brooks' , '70333', 'www.doublessss.com','4510');
INSERT INTO company VALUES ('321817', '762 Louisiana Ave' , '45980', 'www.comppps.com','4510');
INSERT INTO company VALUES ('324324', '4416 Trace' , '23144', 'www.nonoinc.com','2530');


INSERT INTO position VALUES ('9285610', 'PC Technician', 'Seeking an experienced full-time PC Technician that will perform PC and 1st level network troubleshooting to isolate, diagnose and resolve common pc/network problem', '300', '50');
INSERT INTO position VALUES ('9285611', 'Software Support', 'looking for intelligent, hard-working, creative customer focused support person with some SQL experience. ', '200', '50');
INSERT INTO position VALUES ('9285612', 'Senior SE JavaScript', 'We’re a New Orleans based Ed-Tech startup seeking talented software engineers to join our team ', '400', '30');
INSERT INTO position VALUES ('9285613', 'Senior SE Python', 'self-motivated software engineer with the expertise and drive to lead a small team in Python and Django developmen', '200', '20');
INSERT INTO position VALUES ('9285614', 'Webmaster', 'Performance Consulting is subject to the Vietnam Era Veterans Readjustment Assistance Act as a Federal Contractor', '100', '24');
INSERT INTO position VALUES ('9285615', 'Mobile SE(iOS/Android)', 'New Orleans based software engineering company specializing in business software, startup prototyping/products and mobile apps.', '320', '100');
INSERT INTO position VALUES ('9285616', 'Technical Consultant', 'we are looking for a Technical Consultant to join our Tech Ops team', '250', '70');
INSERT INTO position VALUES ('9285617', 'Network Administrator', 'manufactures, and services computer-based electronic controls and automation systems ', '220', '43');
INSERT INTO position VALUES ('9285618', 'Senior SE JAVA', 'we are looking for a Technical Consultant to join our Tech Ops team', '250', '70');
INSERT INTO position VALUES ('9285619', 'Technical Cons', 'join our team and grow with us', '250', '70');
INSERT INTO position VALUES ('9285620', 'Technical Support', 'in need of person ready to work ', '325', '35');
INSERT INTO position VALUES ('9285621', 'Senior SE C', 'having pervious knowledge in C', '400', '50');
INSERT INTO position VALUES ('9285622', 'Database analyst', 'database specialist', '450', '37');
INSERT INTO position VALUES ('9285623', 'Network Consultant', 'network layers understanding', '700', '25');
INSERT INTO position VALUES ('9285624', 'Machine Learning', 'pervious work with ML in Python', '345', '75');
INSERT INTO position VALUES ('9285625', 'Neural Network spec', 'CNN specialist for computer vision projects', '380', '73');


INSERT INTO job VALUES ('189410', 'full-time', '20', 'wage', '9285610', '113276');	
INSERT INTO job VALUES ('189411', 'full-time', '43000', 'salary', '9285611','542617');
INSERT INTO job VALUES ('189412', 'part-time', '25', 'wage', '9285612','827132');
INSERT INTO job VALUES ('189413', 'full-time', '45', 'wage', '9285613','726381');
INSERT INTO job VALUES ('189414', 'part-time', '22', 'wage', '9285614','827635');
INSERT INTO job VALUES ('189415', 'full-time', '80000', 'salary', '9285615','635217');
INSERT INTO job VALUES ('189416', 'part-time', '43', 'wage', '9285616','323243');
INSERT INTO job VALUES ('189417', 'part-time', '15', 'wage', '9285617','362853');
INSERT INTO job VALUES ('189418', 'full-time', '65000', 'salary', '9285618','892777');
INSERT INTO job VALUES ('189419', 'full-time', '72000', 'salary', '9285619','187352');
INSERT INTO job VALUES ('189420', 'full-time', '120000', 'salary', '9285620','272234');
INSERT INTO job VALUES ('189421', 'part-time', '23', 'wage', '9285621','321817');
INSERT INTO job VALUES ('189422', 'full-time', '93000', 'salary', '9285622','324324');
INSERT INTO job VALUES ('189423', 'full-time', '18', 'wage', '9285623','827635');
INSERT INTO job VALUES ('189424', 'full-time', '69500', 'salary', '9285624','827635');
INSERT INTO job VALUES ('189425', 'full-time', '33', 'wage', '9285625','323243');
INSERT INTO job VALUES ('189426', 'full-time', '51000', 'salary', '9285613','726381');
INSERT INTO job VALUES ('189427', 'full-time', '73300', 'salary', '9285622', '324324');


INSERT INTO hires VALUES ('189410', '113276');
INSERT INTO hires VALUES ('189411', '542617');
INSERT INTO hires VALUES ('189412', '827132');  
INSERT INTO hires VALUES ('189413', '726381');	
INSERT INTO hires VALUES ('189414', '827635');
INSERT INTO hires VALUES ('189415', '635217');
INSERT INTO hires VALUES ('189416', '323243');
INSERT INTO hires VALUES ('189417', '362853');
INSERT INTO hires VALUES ('189418', '892777');
INSERT INTO hires VALUES ('189419', '187352');
INSERT INTO hires VALUES ('189420', '272234');
INSERT INTO hires VALUES ('189421', '321817');
INSERT INTO hires VALUES ('189422', '324324');
INSERT INTO hires VALUES ('189423', '827635');
INSERT INTO hires VALUES ('189424', '827635');
INSERT INTO hires VALUES ('189425', '323243');
INSERT INTO hires VALUES ('189426', '323243');
INSERT INTO hires VALUES ('189427', '323243');


INSERT INTO has_skill VALUES ('104', '1002'); 
INSERT INTO has_skill VALUES ('135', '1001');
INSERT INTO has_skill VALUES ('104', '1003');
INSERT INTO has_skill VALUES ('128', '1004');
INSERT INTO has_skill VALUES ('125', '1005');
INSERT INTO has_skill VALUES ('111', '1004');
INSERT INTO has_skill VALUES ('106', '1011');
INSERT INTO has_skill VALUES ('108', '1012');
INSERT INTO has_skill VALUES ('110', '1018');
INSERT INTO has_skill VALUES ('122', '1017');
INSERT INTO has_skill VALUES ('134', '1015');
INSERT INTO has_skill VALUES ('132', '1012');
INSERT INTO has_skill VALUES ('133', '1016');
INSERT INTO has_skill VALUES ('111', '1017');
INSERT INTO has_skill VALUES ('103', '1021');
INSERT INTO has_skill VALUES ('101', '1027');
INSERT INTO has_skill VALUES ('116', '1028');
INSERT INTO has_skill VALUES ('115', '1022');
INSERT INTO has_skill VALUES ('114', '1021');
INSERT INTO has_skill VALUES ('113', '1026');
INSERT INTO has_skill VALUES ('119', '1011');
INSERT INTO has_skill VALUES ('129', '1016');
INSERT INTO has_skill VALUES ('125', '1014');
INSERT INTO has_skill VALUES ('123', '1011');
INSERT INTO has_skill VALUES ('122', '1002');
INSERT INTO has_skill VALUES ('126', '1003');
INSERT INTO has_skill VALUES ('124', '1004');
INSERT INTO has_skill VALUES ('132', '1006');
INSERT INTO has_skill VALUES ('131', '1005');
INSERT INTO has_skill VALUES ('112', '1009');
INSERT INTO has_skill VALUES ('129', '1002');
INSERT INTO has_skill VALUES ('107', '1009');
INSERT INTO has_skill VALUES ('107', '1002');
INSERT INTO has_skill VALUES ('107', '1003');
INSERT INTO has_skill VALUES ('107', '1004');
INSERT INTO has_skill VALUES ('107', '1005');
INSERT INTO has_skill VALUES ('107', '1006');
INSERT INTO has_skill VALUES ('107', '1007');
INSERT INTO has_skill VALUES ('107', '1010');
INSERT INTO has_skill VALUES ('107', '1011');
INSERT INTO has_skill VALUES ('107', '1014');
INSERT INTO has_skill VALUES ('107', '1013');
INSERT INTO has_skill VALUES ('107', '1018');
INSERT INTO has_skill VALUES ('107', '1019');
INSERT INTO has_skill VALUES ('107', '1022');
INSERT INTO has_skill VALUES ('107', '1026');
INSERT INTO has_skill VALUES ('108', '1003');
INSERT INTO has_skill VALUES ('108', '1005');
INSERT INTO has_skill VALUES ('109', '1007');
INSERT INTO has_skill VALUES ('109', '1003');
INSERT INTO has_skill VALUES ('109', '1004');
INSERT INTO has_skill VALUES ('109', '1005');
INSERT INTO has_skill VALUES ('109', '1006');
INSERT INTO has_skill VALUES ('109', '1010');
INSERT INTO has_skill VALUES ('109', '1011');
INSERT INTO has_skill VALUES ('109', '1012');
INSERT INTO has_skill VALUES ('109', '1014');
INSERT INTO has_skill VALUES ('109', '1018');
INSERT INTO has_skill VALUES ('109', '1019');
INSERT INTO has_skill VALUES ('109', '1020');
INSERT INTO has_skill VALUES ('109', '1027');
INSERT INTO has_skill VALUES ('109', '1026');
INSERT INTO has_skill VALUES ('109', '1025');
INSERT INTO has_skill VALUES ('109', '1024');
INSERT INTO has_skill VALUES ('109', '1023');
INSERT INTO has_skill VALUES ('109', '1022');
INSERT INTO has_skill VALUES ('110', '1006');
INSERT INTO has_skill VALUES ('111', '1006');
INSERT INTO has_skill VALUES ('111', '1007');
INSERT INTO has_skill VALUES ('112', '1002');
INSERT INTO has_skill VALUES ('121', '1003');
INSERT INTO has_skill VALUES ('120', '1002');
INSERT INTO has_skill VALUES ('134', '1006');
INSERT INTO has_skill VALUES ('133', '1011');
INSERT INTO has_skill VALUES ('114', '1012');
INSERT INTO has_skill VALUES ('113', '1003');
INSERT INTO has_skill VALUES ('118', '1002');


INSERT INTO takes VALUES ('112', '21311', '4026', TO_DATE('2010-10-12', 'YYYY-MM-DD'));
INSERT INTO takes VALUES ('121', '21310', '1006', TO_DATE('2012-01-10', 'YYYY-MM-DD'));
INSERT INTO takes VALUES ('102', '21312', '5006', TO_DATE('2014-02-10', 'YYYY-MM-DD'));
INSERT INTO takes VALUES ('103', '21313', '5002', TO_DATE('2011-11-11', 'YYYY-MM-DD'));
INSERT INTO takes VALUES ('127', '21313', '5001', TO_DATE('2010-02-01', 'YYYY-MM-DD'));
INSERT INTO takes VALUES ('122', '21314', '1043', TO_DATE('2011-04-01', 'YYYY-MM-DD'));
INSERT INTO takes VALUES ('104', '21315', '1022', TO_DATE('2016-04-04', 'YYYY-MM-DD'));
INSERT INTO takes VALUES ('107', '21316', '4026', TO_DATE('2017-07-02', 'YYYY-MM-DD'));
INSERT INTO takes VALUES ('111', '21317', '5006', TO_DATE('2019-07-03', 'YYYY-MM-DD'));
INSERT INTO takes VALUES ('123', '21318', '1043', TO_DATE('2013-11-03', 'YYYY-MM-DD'));
INSERT INTO takes VALUES ('126', '21319', '5001', TO_DATE('2012-12-11', 'YYYY-MM-DD'));
INSERT INTO takes VALUES ('108', '21319', '1042', TO_DATE('2013-10-12', 'YYYY-MM-DD'));
INSERT INTO takes VALUES ('109', '21321', '4024', TO_DATE('2013-05-10', 'YYYY-MM-DD'));
INSERT INTO takes VALUES ('115', '21320', '1073', TO_DATE('2017-03-12', 'YYYY-MM-DD'));
INSERT INTO takes VALUES ('115', '21314', '1043', TO_DATE('2017-03-12', 'YYYY-MM-DD'));




INSERT INTO teaches VALUES ('21310', '1022');
INSERT INTO teaches VALUES ('21310', '1001');
INSERT INTO teaches VALUES ('21310', '1003');
INSERT INTO teaches VALUES ('21310', '1019');
INSERT INTO teaches VALUES ('21311', '1005');
INSERT INTO teaches VALUES ('21311', '1002');
INSERT INTO teaches VALUES ('21312', '1027');
INSERT INTO teaches VALUES ('21312', '1019');
INSERT INTO teaches VALUES ('21312', '1013');
INSERT INTO teaches VALUES ('21312', '1004');
INSERT INTO teaches VALUES ('21312', '1002');
INSERT INTO teaches VALUES ('21312', '1024');
INSERT INTO teaches VALUES ('21313', '1020');
INSERT INTO teaches VALUES ('21313', '1013');
INSERT INTO teaches VALUES ('21313', '1016');
INSERT INTO teaches VALUES ('21313', '1003');
INSERT INTO teaches VALUES ('21314', '1012');
INSERT INTO teaches VALUES ('21314', '1017');
INSERT INTO teaches VALUES ('21314', '1023');
INSERT INTO teaches VALUES ('21314', '1007');
INSERT INTO teaches VALUES ('21315', '1022');
INSERT INTO teaches VALUES ('21316', '1007');
INSERT INTO teaches VALUES ('21316', '1011');
INSERT INTO teaches VALUES ('21316', '1019');
INSERT INTO teaches VALUES ('21317', '1018');
INSERT INTO teaches VALUES ('21317', '1003');
INSERT INTO teaches VALUES ('21317', '1013');
INSERT INTO teaches VALUES ('21318', '1022');
INSERT INTO teaches VALUES ('21318', '1025');
INSERT INTO teaches VALUES ('21318', '1011');
INSERT INTO teaches VALUES ('21318', '1005');
INSERT INTO teaches VALUES ('21319', '1013');
INSERT INTO teaches VALUES ('21319', '1019');
INSERT INTO teaches VALUES ('21319', '1018');
INSERT INTO teaches VALUES ('21320', '1003');
INSERT INTO teaches VALUES ('21320', '1023');
INSERT INTO teaches VALUES ('21321', '1022');
INSERT INTO teaches VALUES ('21321', '1015');
INSERT INTO teaches VALUES ('21321', '1007');
INSERT INTO teaches VALUES ('21322', '1018');
INSERT INTO teaches VALUES ('21322', '1003');
INSERT INTO teaches VALUES ('21323', '1008');
INSERT INTO teaches VALUES ('21323', '1009');
INSERT INTO teaches VALUES ('21323', '1022');
INSERT INTO teaches VALUES ('21323', '1011');
INSERT INTO teaches VALUES ('21324', '1013');
INSERT INTO teaches VALUES ('21324', '1009');
INSERT INTO teaches VALUES ('21324', '1024');
INSERT INTO teaches VALUES ('21325', '1013');
INSERT INTO teaches VALUES ('21325', '1017');
INSERT INTO teaches VALUES ('21325', '1016');



INSERT INTO req_by_job VALUES ('189411', '1016');
INSERT INTO req_by_job VALUES ('189412', '1001');
INSERT INTO req_by_job VALUES ('189412', '1002');
INSERT INTO req_by_job VALUES ('189410', '1011');
INSERT INTO req_by_job VALUES ('189413', '1015');
INSERT INTO req_by_job VALUES ('189415', '1014');
INSERT INTO req_by_job VALUES ('189414', '1013');
INSERT INTO req_by_job VALUES ('189412', '1012');
INSERT INTO req_by_job VALUES ('189421', '1011');
INSERT INTO req_by_job VALUES ('189420', '1010');
INSERT INTO req_by_job VALUES ('189419', '1003');
INSERT INTO req_by_job VALUES ('189418', '1004');
INSERT INTO req_by_job VALUES ('189417', '1006');
INSERT INTO req_by_job VALUES ('189412', '1005');
INSERT INTO req_by_job VALUES ('189410', '1006');
INSERT INTO req_by_job VALUES ('189411', '1012');
INSERT INTO req_by_job VALUES ('189412', '1011');
INSERT INTO req_by_job VALUES ('189417', '1017');
INSERT INTO req_by_job VALUES ('189419', '1027');
INSERT INTO req_by_job VALUES ('189420', '1022');
INSERT INTO req_by_job VALUES ('189421', '1026');
INSERT INTO req_by_job VALUES ('189412', '1024');
INSERT INTO req_by_job VALUES ('189413', '1023');
INSERT INTO req_by_job VALUES ('189414', '1022');
INSERT INTO req_by_job VALUES ('189415', '1021');
INSERT INTO req_by_job VALUES ('189412', '1020');
INSERT INTO req_by_job VALUES ('189420', '1025');


INSERT INTO requires VALUES ('9285610', '1023');
INSERT INTO requires VALUES ('9285617', '1025');
INSERT INTO requires VALUES ('9285616', '1011');
INSERT INTO requires VALUES ('9285615', '1012');
INSERT INTO requires VALUES ('9285611', '1013');
INSERT INTO requires VALUES ('9285612', '1015');
INSERT INTO requires VALUES ('9285613', '1019');
INSERT INTO requires VALUES ('9285614', '1018');
INSERT INTO requires VALUES ('9285612', '1021');
INSERT INTO requires VALUES ('9285611', '1020');
INSERT INTO requires VALUES ('9285613', '1017');
INSERT INTO requires VALUES ('9285610', '1002');
INSERT INTO requires VALUES ('9285610', '1004');
INSERT INTO requires VALUES ('9285611', '1012');
INSERT INTO requires VALUES ('9285611', '1002');
INSERT INTO requires VALUES ('9285612', '1004');
INSERT INTO requires VALUES ('9285612', '1011');
INSERT INTO requires VALUES ('9285612', '1010');
INSERT INTO requires VALUES ('9285613', '1007');
INSERT INTO requires VALUES ('9285613', '1004');
INSERT INTO requires VALUES ('9285613', '1016');
INSERT INTO requires VALUES ('9285612', '1002');
INSERT INTO requires VALUES ('9285611', '1011');
INSERT INTO requires VALUES ('9285614', '1019');
INSERT INTO requires VALUES ('9285614', '1007');
INSERT INTO requires VALUES ('9285615', '1002');
INSERT INTO requires VALUES ('9285615', '1016');
INSERT INTO requires VALUES ('9285616', '1016');
INSERT INTO requires VALUES ('9285616', '1019');
INSERT INTO requires VALUES ('9285616', '1021');
INSERT INTO requires VALUES ('9285617', '1015');
INSERT INTO requires VALUES ('9285613', '1013');
INSERT INTO requires VALUES ('9285617', '1014');
INSERT INTO requires VALUES ('9285610', '1022');
INSERT INTO requires VALUES ('9285619', '1007');
INSERT INTO requires VALUES ('9285619', '1016');
INSERT INTO requires VALUES ('9285619', '1011');
INSERT INTO requires VALUES ('9285620', '1006');
INSERT INTO requires VALUES ('9285620', '1005');
INSERT INTO requires VALUES ('9285620', '1018');
INSERT INTO requires VALUES ('9285621', '1011');
INSERT INTO requires VALUES ('9285621', '1019');
INSERT INTO requires VALUES ('9285621', '1026');
INSERT INTO requires VALUES ('9285622', '1026');
INSERT INTO requires VALUES ('9285623', '1021');
INSERT INTO requires VALUES ('9285623', '1024');
INSERT INTO requires VALUES ('9285624', '1025');
INSERT INTO requires VALUES ('9285625', '1013');
INSERT INTO requires VALUES ('9285625', '1018');
INSERT INTO requires VALUES ('9285618', '1021');
INSERT INTO requires VALUES ('9285618', '1020');
INSERT INTO requires VALUES ('9285618', '1028');




INSERT INTO works VALUES ('113', '189412', TO_DATE('2011-10-11', 'YYYY-MM-DD'), TO_DATE('2014-11-02', 'YYYY-MM-DD'));
INSERT INTO works VALUES ('117', '189411', TO_DATE('2003-11-21', 'YYYY-MM-DD'), TO_DATE('2005-01-01', 'YYYY-MM-DD'));
INSERT INTO works VALUES ('118', '189413', TO_DATE('2011-06-24', 'YYYY-MM-DD'), null);
INSERT INTO works VALUES ('121', '189415', TO_DATE('2009-01-01', 'YYYY-MM-DD'), TO_DATE('2009-04-24', 'YYYY-MM-DD'));
INSERT INTO works VALUES ('124', '189414', TO_DATE('2011-11-18', 'YYYY-MM-DD'), TO_DATE('2012-04-09', 'YYYY-MM-DD'));
INSERT INTO works VALUES ('119', '189417', TO_DATE('2012-01-18', 'YYYY-MM-DD'), TO_DATE('2016-04-09', 'YYYY-MM-DD'));
INSERT INTO works VALUES ('125', '189416', TO_DATE('2013-03-09', 'YYYY-MM-DD'), null);
INSERT INTO works VALUES ('111', '189419', TO_DATE('2011-06-18', 'YYYY-MM-DD'), TO_DATE('2012-04-09', 'YYYY-MM-DD'));
INSERT INTO works VALUES ('116', '189418', TO_DATE('2012-08-09', 'YYYY-MM-DD'), TO_DATE('2012-12-01', 'YYYY-MM-DD'));
INSERT INTO works VALUES ('128', '189421', TO_DATE('2000-08-18', 'YYYY-MM-DD'), TO_DATE('2008-04-30', 'YYYY-MM-DD'));
INSERT INTO works VALUES ('123', '189422', TO_DATE('2010-06-23', 'YYYY-MM-DD'), TO_DATE('2012-07-25', 'YYYY-MM-DD'));
INSERT INTO works VALUES ('122', '189421', TO_DATE('1997-08-14', 'YYYY-MM-DD'), TO_DATE('2000-05-16', 'YYYY-MM-DD'));
INSERT INTO works VALUES ('112', '189411', TO_DATE('2012-03-02', 'YYYY-MM-DD'), TO_DATE('2017-02-27', 'YYYY-MM-DD'));
INSERT INTO works VALUES ('126', '189413', TO_DATE('2014-08-19', 'YYYY-MM-DD'), TO_DATE('2018-02-24', 'YYYY-MM-DD'));
INSERT INTO works VALUES ('135', '189414', TO_DATE('2018-03-01', 'YYYY-MM-DD'), null);
INSERT INTO works VALUES ('132', '189414', TO_DATE('2010-05-02', 'YYYY-MM-DD'), TO_DATE('2012-04-01', 'YYYY-MM-DD'));
INSERT INTO works VALUES ('115', '189415', TO_DATE('2018-10-20', 'YYYY-MM-DD'), null);
INSERT INTO works VALUES ('133', '189422', TO_DATE('2004-01-05', 'YYYY-MM-DD'), null);
INSERT INTO works VALUES ('130', '189413', TO_DATE('2009-03-01', 'YYYY-MM-DD'), TO_DATE('2016-01-01', 'YYYY-MM-DD'));
INSERT INTO works VALUES ('113', '189413', TO_DATE('2009-03-01', 'YYYY-MM-DD'), TO_DATE('2011-01-01', 'YYYY-MM-DD'));
INSERT INTO works VALUES ('113', '189414', TO_DATE('2003-04-01', 'YYYY-MM-DD'), TO_DATE('2016-12-04', 'YYYY-MM-DD'));
INSERT INTO works VALUES ('117', '189415', TO_DATE('2006-03-01', 'YYYY-MM-DD'), TO_DATE('2016-01-01', 'YYYY-MM-DD'));
INSERT INTO works VALUES ('117', '189413', TO_DATE('2016-12-09', 'YYYY-MM-DD'), null);
INSERT INTO works VALUES ('121', '189417', TO_DATE('2005-03-01', 'YYYY-MM-DD'), TO_DATE('2007-05-21', 'YYYY-MM-DD')); 
INSERT INTO works VALUES ('121', '189413', TO_DATE('2009-06-15', 'YYYY-MM-DD'), TO_DATE('2016-02-01', 'YYYY-MM-DD')); 
INSERT INTO works VALUES ('121', '189416', TO_DATE('2016-03-01', 'YYYY-MM-DD'), null);
INSERT INTO works VALUES ('122', '189420', TO_DATE('2003-06-01', 'YYYY-MM-DD'), TO_DATE('2016-01-01', 'YYYY-MM-DD'));




INSERT INTO sub_industry VALUES ('187352', '252010');
INSERT INTO sub_industry VALUES ('324324', '253010');
INSERT INTO sub_industry VALUES ('113276', '301010');
INSERT INTO sub_industry VALUES ('362853', '351020');
INSERT INTO sub_industry VALUES ('892777', '351020');
INSERT INTO sub_industry VALUES ('323243', '402010');
INSERT INTO sub_industry VALUES ('321817', '451020');
INSERT INTO sub_industry VALUES ('635217', '451020');
INSERT INTO sub_industry VALUES ('726381', '451020');
INSERT INTO sub_industry VALUES ('635217', '451030');
INSERT INTO sub_industry VALUES ('321817', '451030');
INSERT INTO sub_industry VALUES ('272234', '451030');
INSERT INTO sub_industry VALUES ('827635', '551010');   
INSERT INTO sub_industry VALUES ('827132', '601010');



INSERT INTO prereq VALUES ('21310', 'none');
INSERT INTO prereq VALUES ('21311', '21310');
INSERT INTO prereq VALUES ('21312', 'none');
INSERT INTO prereq VALUES ('21313', '21310');
INSERT INTO prereq VALUES ('21314', 'none');
INSERT INTO prereq VALUES ('21315', '21310');
INSERT INTO prereq VALUES ('21316', '21313');
INSERT INTO prereq VALUES ('21317', 'none');
INSERT INTO prereq VALUES ('21318', '21315');
INSERT INTO prereq VALUES ('21319', 'none');
INSERT INTO prereq VALUES ('21320', '21314');
INSERT INTO prereq VALUES ('21321', '21310');
INSERT INTO prereq VALUES ('21322', '21318');
INSERT INTO prereq VALUES ('21322', '21319');
INSERT INTO prereq VALUES ('21323', '21320');
INSERT INTO prereq VALUES ('21323', '21314');
INSERT INTO prereq VALUES ('21324', '21310');
INSERT INTO prereq VALUES ('21324', '21316');
INSERT INTO prereq VALUES ('21325', '21316');
INSERT INTO prereq VALUES ('21325', '21314');
INSERT INTO prereq VALUES ('21325', '21310');

COMMIT;